[
  {
    "text": "iPhone 13 mini - Chip A15 Bionic, 5.4 inch, 5G - Color: Yellow - Price: 11883679 VND",
    "metadata": {
      "id": 1,
      "title": "iPhone 13 mini",
      "url": "https://cdn2.cellphones.com.vn/insecure/rs:fill:358:358/q:90/plain/https://cellphones.com.vn/media/catalog/product/1/4/14_1_9_2_6.jpg",
      "promotion": "Chính hãng",
      "specs": "Chip A15 Bionic, 5.4 inch, 5G",
      "color": "Yellow",
      "price": 11883679
    }
  },
  {
    "text": "iPhone 15 Pro Max - Chip A17 Pro, 6.7 inch, 5G - Color: Purple - Price: 12530073 VND",
    "metadata": {
      "id": 2,
      "title": "iPhone 15 Pro Max",
      "url": "https://cdn2.cellphones.com.vn/insecure/rs:fill:358:358/q:90/plain/https://cellphones.com.vn/media/catalog/product/i/p/iphone-15-pro-max_2__5_2_1_1.jpg",
      "promotion": "Chính hãng",
      "specs": "Chip A17 Pro, 6.7 inch, 5G",
      "color": "Purple",
      "price": 12530073
    }
  },
  {
    "text": "iPhone 15 - Chip A16 Bionic, 6.1 inch, 5G - Color: Pink - Price: 29915152 VND",
    "metadata": {
      "id": 3,
      "title": "iPhone 15",
      "url": "https://cdn2.cellphones.com.vn/insecure/rs:fill:358:358/q:90/plain/https://cellphones.com.vn/media/catalog/product/i/p/iphone-15-plus_1__1.png",
      "promotion": "Chính hãng",
      "specs": "Chip A16 Bionic, 6.1 inch, 5G",
      "color": "Pink",
      "price": 29915152
    }
  },
  {
    "text": "iPhone 14 Pro Max - Chip A16 Bionic, 6.7 inch, 5G - Color: Midnight - Price: 36279127 VND",
    "metadata": {
      "id": 4,
      "title": "iPhone 14 Pro Max",
      "url": "https://cdn2.cellphones.com.vn/insecure/rs:fill:358:358/q:90/plain/https://cellphones.com.vn/media/catalog/product/i/p/iphone-15-plus_1__1.png",
      "promotion": "Chính hãng",
      "specs": "Chip A16 Bionic, 6.7 inch, 5G",
      "color": "Midnight",
      "price": 36279127
    }
  },
  {
    "text": "iPhone 15 Pro Max - Chip A17 Pro, 6.7 inch, 5G - Color: Pink - Price: 34675829 VND",
    "metadata": {
      "id": 5,
      "title": "iPhone 15 Pro Max",
      "url": "https://cdn2.cellphones.com.vn/insecure/rs:fill:358:358/q:90/plain/https://cellphones.com.vn/media/catalog/product/i/p/iphone-15-plus_1__1.png",
      "promotion": "Chính hãng",
      "specs": "Chip A17 Pro, 6.7 inch, 5G",
      "color": "Pink",
      "price": 34675829
    }
  },
  {
    "text": "iPhone 14 - Chip A15 Bionic, 6.1 inch, 5G - Color: Yellow - Price: 37967342 VND",
    "metadata": {
      "id": 6,
      "title": "iPhone 14",
      "url": "https://cdn2.cellphones.com.vn/insecure/rs:fill:358:358/q:90/plain/https://cellphones.com.vn/media/catalog/product/i/p/iphone-15-plus_1__1.png",
      "promotion": "Chính hãng",
      "specs": "Chip A15 Bionic, 6.1 inch, 5G",
      "color": "Yellow",
      "price": 37967342
    }
  },
  {
    "text": "iPhone 14 - Chip A15 Bionic, 6.1 inch, 5G - Color: Yellow - Price: 11013325 VND",
    "metadata": {
      "id": 7,
      "title": "iPhone 14",
      "url": "https://cdn2.cellphones.com.vn/insecure/rs:fill:358:358/q:90/plain/https://cellphones.com.vn/media/catalog/product/i/p/iphone-15-plus_1__1.png",
      "promotion": "Chính hãng",
      "specs": "Chip A15 Bionic, 6.1 inch, 5G",
      "color": "Yellow",
      "price": 11013325
    }
  },
  {
    "text": "iPhone 14 Plus - Chip A15 Bionic, 6.7 inch, 5G - Color: Starlight - Price: 25012293 VND",
    "metadata": {
      "id": 8,
      "title": "iPhone 14 Plus",
      "url": "https://cdn2.cellphones.com.vn/insecure/rs:fill:358:358/q:90/plain/https://cellphones.com.vn/media/catalog/product/i/p/iphone-15-plus_1__1.png",
      "promotion": "?u ?ãi tr? góp",
      "specs": "Chip A15 Bionic, 6.7 inch, 5G",
      "color": "Starlight",
      "price": 25012293
    }
  },
  {
    "text": "iPhone 14 Plus - Chip A15 Bionic, 6.7 inch, 5G - Color: Black - Price: 32448142 VND",
    "metadata": {
      "id": 9,
      "title": "iPhone 14 Plus",
      "url": "https://cdn2.cellphones.com.vn/insecure/rs:fill:358:358/q:90/plain/https://cellphones.com.vn/media/catalog/product/i/p/iphone-15-plus_1__1.png",
      "promotion": "?u ?ãi tr? góp",
      "specs": "Chip A15 Bionic, 6.7 inch, 5G",
      "color": "Black",
      "price": 32448142
    }
  },
  {
    "text": "iPhone 14 - Chip A15 Bionic, 6.1 inch, 5G - Color: Red - Price: 38733682 VND",
    "metadata": {
      "id": 10,
      "title": "iPhone 14",
      "url": "https://cdn2.cellphones.com.vn/insecure/rs:fill:358:358/q:90/plain/https://cellphones.com.vn/media/catalog/product/i/p/iphone-15-plus_1__1.png",
      "promotion": "?u ?ãi tr? góp",
      "specs": "Chip A15 Bionic, 6.1 inch, 5G",
      "color": "Red",
      "price": 38733682
    }
  },
  {
    "text": "iPhone 14 - Chip A15 Bionic, 6.1 inch, 5G - Color: Black - Price: 26130365 VND",
    "metadata": {
      "id": 11,
      "title": "iPhone 14",
      "url": "https://cdn2.cellphones.com.vn/insecure/rs:fill:358:358/q:90/plain/https://cellphones.com.vn/media/catalog/product/i/p/iphone-15-plus_1__1.png",
      "promotion": "?u ?ãi tr? góp",
      "specs": "Chip A15 Bionic, 6.1 inch, 5G",
      "color": "Black",
      "price": 26130365
    }
  },
  {
    "text": "iPhone 14 Pro - Chip A16 Bionic, 6.1 inch, 5G - Color: Yellow - Price: 16683216 VND",
    "metadata": {
      "id": 12,
      "title": "iPhone 14 Pro",
      "url": "https://cdn2.cellphones.com.vn/insecure/rs:fill:358:358/q:90/plain/https://cellphones.com.vn/media/catalog/product/i/p/iphone-15-plus_1__1.png",
      "promotion": "?u ?ãi tr? góp",
      "specs": "Chip A16 Bionic, 6.1 inch, 5G",
      "color": "Yellow",
      "price": 16683216
    }
  },
  {
    "text": "iPhone 15 Plus - Chip A16 Bionic, 6.7 inch, 5G - Color: Starlight - Price: 29543267 VND",
    "metadata": {
      "id": 13,
      "title": "iPhone 15 Plus",
      "url": "https://cdn2.cellphones.com.vn/insecure/rs:fill:358:358/q:90/plain/https://cellphones.com.vn/media/catalog/product/i/p/iphone-15-plus_1__1.png",
      "promotion": "?u ?ãi sinh viên",
      "specs": "Chip A16 Bionic, 6.7 inch, 5G",
      "color": "Starlight",
      "price": 29543267
    }
  },
  {
    "text": "iPhone 14 Pro - Chip A16 Bionic, 6.1 inch, 5G - Color: Green - Price: 13007631 VND",
    "metadata": {
      "id": 14,
      "title": "iPhone 14 Pro",
      "url": "https://cdn2.cellphones.com.vn/insecure/rs:fill:358:358/q:90/plain/https://cellphones.com.vn/media/catalog/product/i/p/iphone-15-plus_1__1.png",
      "promotion": "?u ?ãi sinh viên",
      "specs": "Chip A16 Bionic, 6.1 inch, 5G",
      "color": "Green",
      "price": 13007631
    }
  },
  {
    "text": "iPhone 14 Pro - Chip A16 Bionic, 6.1 inch, 5G - Color: Green - Price: 20201515 VND",
    "metadata": {
      "id": 15,
      "title": "iPhone 14 Pro",
      "url": "https://cdn2.cellphones.com.vn/insecure/rs:fill:358:358/q:90/plain/https://cellphones.com.vn/media/catalog/product/i/p/iphone-15-plus_1__1.png",
      "promotion": "?u ?ãi sinh viên",
      "specs": "Chip A16 Bionic, 6.1 inch, 5G",
      "color": "Green",
      "price": 20201515
    }
  },
  {
    "text": "iPhone 13 mini - Chip A15 Bionic, 5.4 inch, 5G - Color: Yellow - Price: 28843123 VND",
    "metadata": {
      "id": 16,
      "title": "iPhone 13 mini",
      "url": "https://cdn2.cellphones.com.vn/insecure/rs:fill:358:358/q:90/plain/https://cellphones.com.vn/media/catalog/product/i/p/iphone-15-plus_1__1.png",
      "promotion": "?u ?ãi sinh viên",
      "specs": "Chip A15 Bionic, 5.4 inch, 5G",
      "color": "Yellow",
      "price": 28843123
    }
  },
  {
    "text": "iPhone 13 mini - Chip A15 Bionic, 5.4 inch, 5G - Color: Red - Price: 29259359 VND",
    "metadata": {
      "id": 17,
      "title": "iPhone 13 mini",
      "url": "https://cdn2.cellphones.com.vn/insecure/rs:fill:358:358/q:90/plain/https://cellphones.com.vn/media/catalog/product/i/p/iphone-15-plus_1__1.png",
      "promotion": "?u ?ãi sinh viên",
      "specs": "Chip A15 Bionic, 5.4 inch, 5G",
      "color": "Red",
      "price": 29259359
    }
  },
  {
    "text": "iPhone 15 Pro - Chip A17 Pro, 6.1 inch, 5G - Color: Black - Price: 21590796 VND",
    "metadata": {
      "id": 18,
      "title": "iPhone 15 Pro",
      "url": "https://cdn2.cellphones.com.vn/insecure/rs:fill:358:358/q:90/plain/https://cellphones.com.vn/media/catalog/product/i/p/iphone-15-plus_1__1.png",
      "promotion": "?u ?ãi sinh viên",
      "specs": "Chip A17 Pro, 6.1 inch, 5G",
      "color": "Black",
      "price": 21590796
    }
  },
  {
    "text": "iPhone 13 - Chip A15 Bionic, 6.1 inch, 5G - Color: Yellow - Price: 21089345 VND",
    "metadata": {
      "id": 19,
      "title": "iPhone 13",
      "url": "https://cdn2.cellphones.com.vn/insecure/rs:fill:358:358/q:90/plain/https://cellphones.com.vn/media/catalog/product/i/p/iphone-15-plus_1__1.png",
      "promotion": "?u ?ãi sinh viên",
      "specs": "Chip A15 Bionic, 6.1 inch, 5G",
      "color": "Yellow",
      "price": 21089345
    }
  },
  {
    "text": "iPhone 15 Pro Max - Chip A17 Pro, 6.7 inch, 5G - Color: Red - Price: 23683382 VND",
    "metadata": {
      "id": 20,
      "title": "iPhone 15 Pro Max",
      "url": "https://cdn2.cellphones.com.vn/insecure/rs:fill:358:358/q:90/plain/https://cellphones.com.vn/media/catalog/product/i/p/iphone-15-plus_1__1.png",
      "promotion": "?u ?ãi sinh viên",
      "specs": "Chip A17 Pro, 6.7 inch, 5G",
      "color": "Red",
      "price": 23683382
    }
  },
  {
    "text": "iPhone 13 mini - Chip A15 Bionic, 5.4 inch, 5G - Color: Blue - Price: 16978121 VND",
    "metadata": {
      "id": 21,
      "title": "iPhone 13 mini",
      "url": "https://cdn2.cellphones.com.vn/insecure/rs:fill:358:358/q:90/plain/https://cellphones.com.vn/media/catalog/product/i/p/iphone-15-plus_1__1.png",
      "promotion": "?u ?ãi sinh viên",
      "specs": "Chip A15 Bionic, 5.4 inch, 5G",
      "color": "Blue",
      "price": 16978121
    }
  },
  {
    "text": "iPhone 15 Plus - Chip A16 Bionic, 6.7 inch, 5G - Color: Midnight - Price: 11426953 VND",
    "metadata": {
      "id": 22,
      "title": "iPhone 15 Plus",
      "url": "https://cdn2.cellphones.com.vn/insecure/rs:fill:358:358/q:90/plain/https://cellphones.com.vn/media/catalog/product/i/p/iphone-15-plus_1__1.png",
      "promotion": "?u ?ãi sinh viên",
      "specs": "Chip A16 Bionic, 6.7 inch, 5G",
      "color": "Midnight",
      "price": 11426953
    }
  },
  {
    "text": "iPhone 15 Pro - Chip A17 Pro, 6.1 inch, 5G - Color: Purple - Price: 28316586 VND",
    "metadata": {
      "id": 23,
      "title": "iPhone 15 Pro",
      "url": "https://cdn2.cellphones.com.vn/insecure/rs:fill:358:358/q:90/plain/https://cellphones.com.vn/media/catalog/product/i/p/iphone-15-plus_1__1.png",
      "promotion": "?u ?ãi sinh viên",
      "specs": "Chip A17 Pro, 6.1 inch, 5G",
      "color": "Purple",
      "price": 28316586
    }
  },
  {
    "text": "iPhone 14 - Chip A15 Bionic, 6.1 inch, 5G - Color: Purple - Price: 20373832 VND",
    "metadata": {
      "id": 24,
      "title": "iPhone 14",
      "url": "https://cdn2.cellphones.com.vn/insecure/rs:fill:358:358/q:90/plain/https://cellphones.com.vn/media/catalog/product/i/p/iphone-15-plus_1__1.png",
      "promotion": "?u ?ãi sinh viên",
      "specs": "Chip A15 Bionic, 6.1 inch, 5G",
      "color": "Purple",
      "price": 20373832
    }
  },
  {
    "text": "iPhone 15 - Chip A16 Bionic, 6.1 inch, 5G - Color: Starlight - Price: 25247567 VND",
    "metadata": {
      "id": 25,
      "title": "iPhone 15",
      "url": "https://cdn2.cellphones.com.vn/insecure/rs:fill:358:358/q:90/plain/https://cellphones.com.vn/media/catalog/product/i/p/iphone-15-plus_1__1.png",
      "promotion": "?u ?ãi sinh viên",
      "specs": "Chip A16 Bionic, 6.1 inch, 5G",
      "color": "Starlight",
      "price": 25247567
    }
  },
  {
    "text": "iPhone 13 - Chip A15 Bionic, 6.1 inch, 5G - Color: Midnight - Price: 17493599 VND",
    "metadata": {
      "id": 26,
      "title": "iPhone 13",
      "url": "https://cdn2.cellphones.com.vn/insecure/rs:fill:358:358/q:90/plain/https://cellphones.com.vn/media/catalog/product/i/p/iphone-15-plus_1__1.png",
      "promotion": "?u ?ãi sinh viên",
      "specs": "Chip A15 Bionic, 6.1 inch, 5G",
      "color": "Midnight",
      "price": 17493599
    }
  },
  {
    "text": "iPhone 14 Pro - Chip A16 Bionic, 6.1 inch, 5G - Color: Starlight - Price: 34814539 VND",
    "metadata": {
      "id": 27,
      "title": "iPhone 14 Pro",
      "url": "https://cdn2.cellphones.com.vn/insecure/rs:fill:358:358/q:90/plain/https://cellphones.com.vn/media/catalog/product/i/p/iphone-15-plus_1__1.png",
      "promotion": "?u ?ãi sinh viên",
      "specs": "Chip A16 Bionic, 6.1 inch, 5G",
      "color": "Starlight",
      "price": 34814539
    }
  },
  {
    "text": "iPhone 14 - Chip A15 Bionic, 6.1 inch, 5G - Color: Purple - Price: 21234842 VND",
    "metadata": {
      "id": 28,
      "title": "iPhone 14",
      "url": "https://cdn2.cellphones.com.vn/insecure/rs:fill:358:358/q:90/plain/https://cellphones.com.vn/media/catalog/product/i/p/iphone-15-plus_1__1.png",
      "promotion": "?u ?ãi sinh viên",
      "specs": "Chip A15 Bionic, 6.1 inch, 5G",
      "color": "Purple",
      "price": 21234842
    }
  },
  {
    "text": "iPhone 14 Pro - Chip A16 Bionic, 6.1 inch, 5G - Color: Purple - Price: 14065639 VND",
    "metadata": {
      "id": 29,
      "title": "iPhone 14 Pro",
      "url": "https://cdn2.cellphones.com.vn/insecure/rs:fill:358:358/q:90/plain/https://cellphones.com.vn/media/catalog/product/i/p/iphone-15-plus_1__1.png",
      "promotion": "?u ?ãi sinh viên",
      "specs": "Chip A16 Bionic, 6.1 inch, 5G",
      "color": "Purple",
      "price": 14065639
    }
  },
  {
    "text": "iPhone SE 2022 - Chip A15 Bionic, 4.7 inch, 5G - Color: Blue - Price: 14529926 VND",
    "metadata": {
      "id": 30,
      "title": "iPhone SE 2022",
      "url": "https://cdn2.cellphones.com.vn/insecure/rs:fill:358:358/q:90/plain/https://cellphones.com.vn/media/catalog/product/i/p/iphone-15-plus_1__1.png",
      "promotion": "?u ?ãi sinh viên",
      "specs": "Chip A15 Bionic, 4.7 inch, 5G",
      "color": "Blue",
      "price": 14529926
    }
  },
  {
    "text": "iPhone 14 Plus - Chip A15 Bionic, 6.7 inch, 5G - Color: Blue - Price: 36024271 VND",
    "metadata": {
      "id": 31,
      "title": "iPhone 14 Plus",
      "url": "https://cdn2.cellphones.com.vn/insecure/rs:fill:358:358/q:90/plain/https://cellphones.com.vn/media/catalog/product/i/p/iphone-15-plus_1__1.png",
      "promotion": "?u ?ãi sinh viên",
      "specs": "Chip A15 Bionic, 6.7 inch, 5G",
      "color": "Blue",
      "price": 36024271
    }
  },
  {
    "text": "iPhone SE 2022 - Chip A15 Bionic, 4.7 inch, 5G - Color: Purple - Price: 21668990 VND",
    "metadata": {
      "id": 32,
      "title": "iPhone SE 2022",
      "url": "https://cdn2.cellphones.com.vn/insecure/rs:fill:358:358/q:90/plain/https://cellphones.com.vn/media/catalog/product/i/p/iphone-15-plus_1__1.png",
      "promotion": "C? 99%",
      "specs": "Chip A15 Bionic, 4.7 inch, 5G",
      "color": "Purple",
      "price": 21668990
    }
  },
  {
    "text": "iPhone 15 - Chip A16 Bionic, 6.1 inch, 5G - Color: Starlight - Price: 28967014 VND",
    "metadata": {
      "id": 33,
      "title": "iPhone 15",
      "url": "https://cdn2.cellphones.com.vn/insecure/rs:fill:358:358/q:90/plain/https://cellphones.com.vn/media/catalog/product/i/p/iphone-15-plus_1__1.png",
      "promotion": "C? 99%",
      "specs": "Chip A16 Bionic, 6.1 inch, 5G",
      "color": "Starlight",
      "price": 28967014
    }
  },
  {
    "text": "iPhone 15 Pro Max - Chip A17 Pro, 6.7 inch, 5G - Color: Blue - Price: 26444447 VND",
    "metadata": {
      "id": 34,
      "title": "iPhone 15 Pro Max",
      "url": "https://cdn2.cellphones.com.vn/insecure/rs:fill:358:358/q:90/plain/https://cellphones.com.vn/media/catalog/product/i/p/iphone-15-plus_1__1.png",
      "promotion": "C? 99%",
      "specs": "Chip A17 Pro, 6.7 inch, 5G",
      "color": "Blue",
      "price": 26444447
    }
  },
  {
    "text": "iPhone 13 mini - Chip A15 Bionic, 5.4 inch, 5G - Color: Black - Price: 38703781 VND",
    "metadata": {
      "id": 35,
      "title": "iPhone 13 mini",
      "url": "https://cdn2.cellphones.com.vn/insecure/rs:fill:358:358/q:90/plain/https://cellphones.com.vn/media/catalog/product/i/p/iphone-15-plus_1__1.png",
      "promotion": "C? 99%",
      "specs": "Chip A15 Bionic, 5.4 inch, 5G",
      "color": "Black",
      "price": 38703781
    }
  },
  {
    "text": "iPhone 14 - Chip A15 Bionic, 6.1 inch, 5G - Color: Black - Price: 26135002 VND",
    "metadata": {
      "id": 36,
      "title": "iPhone 14",
      "url": "https://cdn2.cellphones.com.vn/insecure/rs:fill:358:358/q:90/plain/https://cellphones.com.vn/media/catalog/product/i/p/iphone-15-plus_1__1.png",
      "promotion": "C? 99%",
      "specs": "Chip A15 Bionic, 6.1 inch, 5G",
      "color": "Black",
      "price": 26135002
    }
  },
  {
    "text": "iPhone 14 Pro Max - Chip A16 Bionic, 6.7 inch, 5G - Color: Red - Price: 17189227 VND",
    "metadata": {
      "id": 37,
      "title": "iPhone 14 Pro Max",
      "url": "https://cdn2.cellphones.com.vn/insecure/rs:fill:358:358/q:90/plain/https://cellphones.com.vn/media/catalog/product/i/p/iphone-15-plus_1__1.png",
      "promotion": "C? 99%",
      "specs": "Chip A16 Bionic, 6.7 inch, 5G",
      "color": "Red",
      "price": 17189227
    }
  },
  {
    "text": "iPhone 15 Pro Max - Chip A17 Pro, 6.7 inch, 5G - Color: Pink - Price: 30576507 VND",
    "metadata": {
      "id": 38,
      "title": "iPhone 15 Pro Max",
      "url": "https://cdn2.cellphones.com.vn/insecure/rs:fill:358:358/q:90/plain/https://cellphones.com.vn/media/catalog/product/i/p/iphone-15-plus_1__1.png",
      "promotion": "C? 99%",
      "specs": "Chip A17 Pro, 6.7 inch, 5G",
      "color": "Pink",
      "price": 30576507
    }
  },
  {
    "text": "iPhone 14 - Chip A15 Bionic, 6.1 inch, 5G - Color: Pink - Price: 14104311 VND",
    "metadata": {
      "id": 39,
      "title": "iPhone 14",
      "url": "https://cdn2.cellphones.com.vn/insecure/rs:fill:358:358/q:90/plain/https://cellphones.com.vn/media/catalog/product/i/p/iphone-15-plus_1__1.png",
      "promotion": "C? 99%",
      "specs": "Chip A15 Bionic, 6.1 inch, 5G",
      "color": "Pink",
      "price": 14104311
    }
  },
  {
    "text": "iPhone 14 - Chip A15 Bionic, 6.1 inch, 5G - Color: White - Price: 20545354 VND",
    "metadata": {
      "id": 40,
      "title": "iPhone 14",
      "url": "https://cdn2.cellphones.com.vn/insecure/rs:fill:358:358/q:90/plain/https://cellphones.com.vn/media/catalog/product/i/p/iphone-15-plus_1__1.png",
      "promotion": "C? 99%",
      "specs": "Chip A15 Bionic, 6.1 inch, 5G",
      "color": "White",
      "price": 20545354
    }
  },
  {
    "text": "iPhone 14 Plus - Chip A15 Bionic, 6.7 inch, 5G - Color: Midnight - Price: 12563662 VND",
    "metadata": {
      "id": 41,
      "title": "iPhone 14 Plus",
      "url": "https://cdn2.cellphones.com.vn/insecure/rs:fill:358:358/q:90/plain/https://cellphones.com.vn/media/catalog/product/i/p/iphone-15-plus_1__1.png",
      "promotion": "C? 99%",
      "specs": "Chip A15 Bionic, 6.7 inch, 5G",
      "color": "Midnight",
      "price": 12563662
    }
  },
  {
    "text": "iPhone SE 2022 - Chip A15 Bionic, 4.7 inch, 5G - Color: Yellow - Price: 19876141 VND",
    "metadata": {
      "id": 42,
      "title": "iPhone SE 2022",
      "url": "https://cdn2.cellphones.com.vn/insecure/rs:fill:358:358/q:90/plain/https://cellphones.com.vn/media/catalog/product/i/p/iphone-15-plus_1__1.png",
      "promotion": "C? 99%",
      "specs": "Chip A15 Bionic, 4.7 inch, 5G",
      "color": "Yellow",
      "price": 19876141
    }
  },
  {
    "text": "iPhone 14 Pro - Chip A16 Bionic, 6.1 inch, 5G - Color: Blue - Price: 13455891 VND",
    "metadata": {
      "id": 43,
      "title": "iPhone 14 Pro",
      "url": "https://cdn2.cellphones.com.vn/insecure/rs:fill:358:358/q:90/plain/https://cellphones.com.vn/media/catalog/product/i/p/iphone-15-plus_1__1.png",
      "promotion": "C? 99%",
      "specs": "Chip A16 Bionic, 6.1 inch, 5G",
      "color": "Blue",
      "price": 13455891
    }
  },
  {
    "text": "iPhone 15 Plus - Chip A16 Bionic, 6.7 inch, 5G - Color: Red - Price: 11414290 VND",
    "metadata": {
      "id": 44,
      "title": "iPhone 15 Plus",
      "url": "https://cdn2.cellphones.com.vn/insecure/rs:fill:358:358/q:90/plain/https://cellphones.com.vn/media/catalog/product/i/p/iphone-15-plus_1__1.png",
      "promotion": "C? 99%",
      "specs": "Chip A16 Bionic, 6.7 inch, 5G",
      "color": "Red",
      "price": 11414290
    }
  },
  {
    "text": "iPhone 15 Plus - Chip A16 Bionic, 6.7 inch, 5G - Color: Red - Price: 17544587 VND",
    "metadata": {
      "id": 45,
      "title": "iPhone 15 Plus",
      "url": "https://cdn2.cellphones.com.vn/insecure/rs:fill:358:358/q:90/plain/https://cellphones.com.vn/media/catalog/product/i/p/iphone-15-plus_1__1.png",
      "promotion": "C? 99%",
      "specs": "Chip A16 Bionic, 6.7 inch, 5G",
      "color": "Red",
      "price": 17544587
    }
  },
  {
    "text": "iPhone 14 - Chip A15 Bionic, 6.1 inch, 5G - Color: Purple - Price: 15686422 VND",
    "metadata": {
      "id": 46,
      "title": "iPhone 14",
      "url": "https://cdn2.cellphones.com.vn/insecure/rs:fill:358:358/q:90/plain/https://cellphones.com.vn/media/catalog/product/i/p/iphone-15-plus_1__1.png",
      "promotion": "C? 99%",
      "specs": "Chip A15 Bionic, 6.1 inch, 5G",
      "color": "Purple",
      "price": 15686422
    }
  },
  {
    "text": "iPhone 15 - Chip A16 Bionic, 6.1 inch, 5G - Color: Midnight - Price: 10945597 VND",
    "metadata": {
      "id": 47,
      "title": "iPhone 15",
      "url": "https://cdn2.cellphones.com.vn/insecure/rs:fill:358:358/q:90/plain/https://cellphones.com.vn/media/catalog/product/i/p/iphone-15-plus_1__1.png",
      "promotion": "Chính hãng",
      "specs": "Chip A16 Bionic, 6.1 inch, 5G",
      "color": "Midnight",
      "price": 10945597
    }
  },
  {
    "text": "iPhone 14 Pro Max - Chip A16 Bionic, 6.7 inch, 5G - Color: Blue - Price: 12460556 VND",
    "metadata": {
      "id": 48,
      "title": "iPhone 14 Pro Max",
      "url": "https://cdn2.cellphones.com.vn/insecure/rs:fill:358:358/q:90/plain/https://cellphones.com.vn/media/catalog/product/i/p/iphone-15-plus_1__1.png",
      "promotion": "Chính hãng",
      "specs": "Chip A16 Bionic, 6.7 inch, 5G",
      "color": "Blue",
      "price": 12460556
    }
  },
  {
    "text": "iPhone 11 - Chip A13 Bionic, 6.1 inch, 4G - Color: Red - Price: 31324259 VND",
    "metadata": {
      "id": 49,
      "title": "iPhone 11",
      "url": "https://cdn2.cellphones.com.vn/insecure/rs:fill:358:358/q:90/plain/https://cellphones.com.vn/media/catalog/product/i/p/iphone-15-plus_1__1.png",
      "promotion": "Chính hãng",
      "specs": "Chip A13 Bionic, 6.1 inch, 4G",
      "color": "Red",
      "price": 31324259
    }
  },
  {
    "text": "iPhone 14 Pro Max - Chip A16 Bionic, 6.7 inch, 5G - Color: Blue - Price: 38433797 VND",
    "metadata": {
      "id": 50,
      "title": "iPhone 14 Pro Max",
      "url": "https://cdn2.cellphones.com.vn/insecure/rs:fill:358:358/q:90/plain/https://cellphones.com.vn/media/catalog/product/i/p/iphone-15-plus_1__1.png",
      "promotion": "Chính hãng",
      "specs": "Chip A16 Bionic, 6.7 inch, 5G",
      "color": "Blue",
      "price": 38433797
    }
  }
]